{"parent":"minecraft:item/generated","textures":{"layer0":"minecraft:item/glowstone_dust"},"overrides":[{"predicate":{"custom_model_data":2200097},"model":"slimefun:slimefun/resources/dusts/gold_dust"},{"predicate":{"custom_model_data":2200098},"model":"slimefun:slimefun/resources/dusts/copper_dust"},{"predicate":{"custom_model_data":2200112},"model":"slimefun:slimefun/resources/valuables/sulfate"},{"predicate":{"custom_model_data":2203141},"model":"gastronomicon:food/gn_miso"},{"predicate":{"custom_model_data":2203144},"model":"gastronomicon:food/gn_turmeric_powder"},{"predicate":{"custom_model_data":2203145},"model":"item/glowstone_dust"}]}